PRAGMA foreign_keys=OFF;
BEGIN TRANSACTION;
CREATE TABLE "schema_migrations" ("version" varchar(255) NOT NULL);
INSERT INTO "schema_migrations" VALUES('20131125064308');
INSERT INTO "schema_migrations" VALUES('20131203121455');
INSERT INTO "schema_migrations" VALUES('20131203122536');
INSERT INTO "schema_migrations" VALUES('20131211053529');
INSERT INTO "schema_migrations" VALUES('20131211053705');
INSERT INTO "schema_migrations" VALUES('20131211053719');
INSERT INTO "schema_migrations" VALUES('20131211053856');
INSERT INTO "schema_migrations" VALUES('20140202194808');
INSERT INTO "schema_migrations" VALUES('20140202210005');
INSERT INTO "schema_migrations" VALUES('20140202210548');
INSERT INTO "schema_migrations" VALUES('20140209143654');
INSERT INTO "schema_migrations" VALUES('20140209154709');
INSERT INTO "schema_migrations" VALUES('20140209163922');
INSERT INTO "schema_migrations" VALUES('20140407193851');
INSERT INTO "schema_migrations" VALUES('20140416224233');
INSERT INTO "schema_migrations" VALUES('20140512225955');
INSERT INTO "schema_migrations" VALUES('20140512235714');
INSERT INTO "schema_migrations" VALUES('20140512235816');
INSERT INTO "schema_migrations" VALUES('20140513003121');
INSERT INTO "schema_migrations" VALUES('20140513003527');
INSERT INTO "schema_migrations" VALUES('20140513005513');
INSERT INTO "schema_migrations" VALUES('20140526130245');
INSERT INTO "schema_migrations" VALUES('20140526130509');
INSERT INTO "schema_migrations" VALUES('20140627193153');
INSERT INTO "schema_migrations" VALUES('20140711185130');
INSERT INTO "schema_migrations" VALUES('20140714124711');
INSERT INTO "schema_migrations" VALUES('20140714124714');
INSERT INTO "schema_migrations" VALUES('20140714133840');
INSERT INTO "schema_migrations" VALUES('20140714134344');
INSERT INTO "schema_migrations" VALUES('20140714134445');
INSERT INTO "schema_migrations" VALUES('20140714134708');
INSERT INTO "schema_migrations" VALUES('20140714134711');
INSERT INTO "schema_migrations" VALUES('20140714134715');
INSERT INTO "schema_migrations" VALUES('20140714134718');
INSERT INTO "schema_migrations" VALUES('20140714135747');
INSERT INTO "schema_migrations" VALUES('20140714140152');
INSERT INTO "schema_migrations" VALUES('20140714140238');
INSERT INTO "schema_migrations" VALUES('20140714140259');
INSERT INTO "schema_migrations" VALUES('20140714140330');
INSERT INTO "schema_migrations" VALUES('20140714140400');
INSERT INTO "schema_migrations" VALUES('20140714140503');
INSERT INTO "schema_migrations" VALUES('20140714141353');
INSERT INTO "schema_migrations" VALUES('20140714142928');
INSERT INTO "schema_migrations" VALUES('20140718010343');
INSERT INTO "schema_migrations" VALUES('20140719141815');
INSERT INTO "schema_migrations" VALUES('20140719145324');
INSERT INTO "schema_migrations" VALUES('20140719162429');
INSERT INTO "schema_migrations" VALUES('20140721155254');
INSERT INTO "schema_migrations" VALUES('20140721192514');
INSERT INTO "schema_migrations" VALUES('20140721203032');
INSERT INTO "schema_migrations" VALUES('20140726124713');
INSERT INTO "schema_migrations" VALUES('20140726133431');
INSERT INTO "schema_migrations" VALUES('20140729002711');
INSERT INTO "schema_migrations" VALUES('20140729003230');
INSERT INTO "schema_migrations" VALUES('20140730170331');
INSERT INTO "schema_migrations" VALUES('20140802204628');
INSERT INTO "schema_migrations" VALUES('20140802212830');
INSERT INTO "schema_migrations" VALUES('20140802212929');
INSERT INTO "schema_migrations" VALUES('20140830194856');
INSERT INTO "schema_migrations" VALUES('20140830195626');
INSERT INTO "schema_migrations" VALUES('20140830195719');
INSERT INTO "schema_migrations" VALUES('20140906194935');
INSERT INTO "schema_migrations" VALUES('20140906195921');
INSERT INTO "schema_migrations" VALUES('20140906210534');
INSERT INTO "schema_migrations" VALUES('20140919232148');
INSERT INTO "schema_migrations" VALUES('20140919232639');
INSERT INTO "schema_migrations" VALUES('20140919232726');
CREATE TABLE "remedios" ("id" INTEGER PRIMARY KEY AUTOINCREMENT NOT NULL, "descricao" varchar(255), "quantidade" integer, "created_at" datetime, "updated_at" datetime);
CREATE TABLE "reservas" ("id" INTEGER PRIMARY KEY AUTOINCREMENT NOT NULL, "start_date" date, "end_date" date, "created_at" datetime, "updated_at" datetime, "quarto_id" integer);
CREATE TABLE "quartos" ("id" INTEGER PRIMARY KEY AUTOINCREMENT NOT NULL, "created_at" datetime, "updated_at" datetime);
CREATE TABLE "aulas" ("id" INTEGER PRIMARY KEY AUTOINCREMENT NOT NULL, "titulo" varchar(255), "descricao" text, "professor_id" integer, "horario" datetime, "created_at" datetime, "updated_at" datetime);
CREATE TABLE "professors" ("id" INTEGER PRIMARY KEY AUTOINCREMENT NOT NULL, "nome" varchar(255), "created_at" datetime, "updated_at" datetime);
CREATE TABLE "users" ("id" INTEGER PRIMARY KEY AUTOINCREMENT NOT NULL, "nome" varchar(255), "email" varchar(255), "created_at" datetime, "updated_at" datetime, "password_digest" varchar(255), "remember_token" varchar(255));
CREATE TABLE "transacaos" ("id" INTEGER PRIMARY KEY AUTOINCREMENT NOT NULL, "valor" float, "nome" varchar(255), "descricao" varchar(255), "created_at" datetime, "updated_at" datetime);
CREATE TABLE "pacientes" ("id" INTEGER PRIMARY KEY AUTOINCREMENT NOT NULL, "nome" varchar(255), "created_at" datetime, "updated_at" datetime);
CREATE TABLE "medicos" ("id" INTEGER PRIMARY KEY AUTOINCREMENT NOT NULL, "nome" varchar(255), "created_at" datetime, "updated_at" datetime);
CREATE TABLE "agendamentos" ("id" INTEGER PRIMARY KEY AUTOINCREMENT NOT NULL, "data" varchar(255), "hora" varchar(255), "created_at" datetime, "updated_at" datetime, "medico_id" integer, "paciente_nome" varchar(255));
CREATE TABLE "admin_users" ("id" INTEGER PRIMARY KEY AUTOINCREMENT NOT NULL, "email" varchar(255) DEFAULT '' NOT NULL, "encrypted_password" varchar(255) DEFAULT '' NOT NULL, "reset_password_token" varchar(255), "reset_password_sent_at" datetime, "remember_created_at" datetime, "sign_in_count" integer DEFAULT 0 NOT NULL, "current_sign_in_at" datetime, "last_sign_in_at" datetime, "current_sign_in_ip" varchar(255), "last_sign_in_ip" varchar(255), "created_at" datetime, "updated_at" datetime);
INSERT INTO "admin_users" VALUES(1,'admin@example.com','$2a$10$DLD16hFrGBJ1hFtO5mGZHeSpuKklUodqdB5jYX8/v./MvZ.s52x8G',NULL,NULL,'2014-09-16 02:06:05.020602',9,'2014-09-18 01:25:48.989413','2014-09-16 02:06:05.352783','127.0.0.1','127.0.0.1','2014-07-26 12:32:14.136779','2014-09-18 01:25:48.993653');
CREATE TABLE "active_admin_comments" ("id" INTEGER PRIMARY KEY AUTOINCREMENT NOT NULL, "namespace" varchar(255), "body" text, "resource_id" varchar(255) NOT NULL, "resource_type" varchar(255) NOT NULL, "author_id" integer, "author_type" varchar(255), "created_at" datetime, "updated_at" datetime);
CREATE TABLE "servico_tipo_servicos" ("id" INTEGER PRIMARY KEY AUTOINCREMENT NOT NULL, "servico_id" integer, "tipo_servico_id" integer, "created_at" datetime, "updated_at" datetime);
CREATE TABLE "tipo_servico_executados" ("id" INTEGER PRIMARY KEY AUTOINCREMENT NOT NULL, "servico_id" integer, "tipo_servico_id" integer, "created_at" datetime, "updated_at" datetime);
INSERT INTO "tipo_servico_executados" VALUES(1,1,1,'2014-07-26 12:38:36.884122','2014-07-26 12:38:36.884122');
INSERT INTO "tipo_servico_executados" VALUES(2,1,2,'2014-07-26 12:38:36.885544','2014-07-26 12:38:36.885544');
INSERT INTO "tipo_servico_executados" VALUES(3,2,2,'2014-07-26 12:39:12.703474','2014-07-26 12:39:12.703474');
INSERT INTO "tipo_servico_executados" VALUES(4,2,1,'2014-07-26 12:39:12.704209','2014-07-26 12:39:12.704209');
INSERT INTO "tipo_servico_executados" VALUES(5,3,1,'2014-07-29 00:25:00.643446','2014-07-29 00:25:00.643446');
INSERT INTO "tipo_servico_executados" VALUES(6,3,2,'2014-07-29 00:25:00.644567','2014-07-29 00:25:00.644567');
INSERT INTO "tipo_servico_executados" VALUES(7,4,1,'2014-09-04 02:20:59.499116','2014-09-04 02:20:59.499116');
INSERT INTO "tipo_servico_executados" VALUES(8,4,2,'2014-09-04 02:20:59.502450','2014-09-04 02:20:59.502450');
INSERT INTO "tipo_servico_executados" VALUES(9,5,3,'2014-09-04 02:22:59.863005','2014-09-04 02:22:59.863005');
INSERT INTO "tipo_servico_executados" VALUES(10,6,1,'2014-09-18 01:26:25.176520','2014-09-18 01:26:25.176520');
INSERT INTO "tipo_servico_executados" VALUES(11,6,2,'2014-09-18 01:43:34.848478','2014-09-18 01:43:34.848478');
INSERT INTO "tipo_servico_executados" VALUES(12,7,1,'2014-09-18 01:50:36.224024','2014-09-18 01:50:36.224024');
CREATE TABLE "tipo_servicos" ("id" INTEGER PRIMARY KEY AUTOINCREMENT NOT NULL, "nome" varchar(255), "created_at" datetime, "updated_at" datetime);
INSERT INTO "tipo_servicos" VALUES(1,'Baratas','2014-07-26 12:33:08.494206','2014-07-26 12:33:08.494206');
INSERT INTO "tipo_servicos" VALUES(2,'Ratos','2014-07-26 12:33:17.507964','2014-07-26 12:33:17.507964');
INSERT INTO "tipo_servicos" VALUES(3,'Limpeza de Caixa d''Água','2014-07-26 12:37:44.917125','2014-07-26 12:37:44.917125');
CREATE TABLE "servicos" ("id" INTEGER PRIMARY KEY AUTOINCREMENT NOT NULL, "created_at" datetime, "updated_at" datetime, "valor_orcamento" float, "cliente_id" integer, "observacao" text, "data_execucao" date, "data_garantia" date);
INSERT INTO "servicos" VALUES(2,'2014-07-26 12:39:12.702353','2014-07-26 12:39:12.702353',200.0,1,'100 ratos
100 baratas
O serviço de ratos foi feito somente no quintal',NULL,NULL);
INSERT INTO "servicos" VALUES(3,'2014-07-29 00:25:00.641778','2014-09-04 00:45:38.148649',200.0,1,'100 Ratos
100 Baratas
Baratas só no primeiro quarto',NULL,NULL);
INSERT INTO "servicos" VALUES(4,'2014-09-04 02:20:59.495516','2014-09-16 02:07:29.090150',150.0,3,'Fazer só no quintal','2014-05-08','2014-08-15');
INSERT INTO "servicos" VALUES(5,'2014-09-04 02:22:59.858726','2014-09-16 02:06:37.721346',60.0,3,'','2014-09-15','2014-12-15');
CREATE TABLE "veiculos" ("id" INTEGER PRIMARY KEY AUTOINCREMENT NOT NULL, "nome" varchar(255), "modelo" varchar(255), "ano" integer, "created_at" datetime, "updated_at" datetime, "cliente_id" integer);
INSERT INTO "veiculos" VALUES(1,'Sandero','Renault',2012,'2014-07-29 00:30:25.486202','2014-07-29 00:30:25.486202',NULL);
CREATE TABLE "clientes" ("id" INTEGER PRIMARY KEY AUTOINCREMENT NOT NULL, "nome" varchar(255), "created_at" datetime, "updated_at" datetime, "email" varchar(255), "endereco" varchar(255), "bairro" varchar(255), "cep" varchar(255), "complemento" varchar(255), "observacao" text, "telefone" varchar(255));
INSERT INTO "clientes" VALUES(1,'Saulo Farias Falcao','2014-07-26 12:32:38.891948','2014-07-26 12:32:38.891948','saulofalcao@gmail.com','','','59080090','','',NULL);
INSERT INTO "clientes" VALUES(3,'Jordana Farias Falcão','2014-09-04 02:20:33.835227','2014-09-04 02:20:33.835227','',NULL,'','','','',NULL);
CREATE TABLE "tarefas" ("id" INTEGER PRIMARY KEY AUTOINCREMENT NOT NULL, "vencimento" datetime, "titulo" varchar(255), "created_at" datetime, "updated_at" datetime, "cliente_id" integer);
INSERT INTO "tarefas" VALUES(2,'2014-12-18 00:00:00.000000','sei la omi','2014-08-30 01:52:48.236755','2014-08-30 01:52:48.236755',1);
CREATE TABLE "oportunidades" ("id" INTEGER PRIMARY KEY AUTOINCREMENT NOT NULL, "created_at" datetime, "updated_at" datetime, "cliente_id" integer, "tipo_servico_id" integer, "ativa" boolean);
DELETE FROM sqlite_sequence;
INSERT INTO "sqlite_sequence" VALUES('admin_users',1);
INSERT INTO "sqlite_sequence" VALUES('tipo_servicos',3);
INSERT INTO "sqlite_sequence" VALUES('servicos',7);
INSERT INTO "sqlite_sequence" VALUES('tipo_servico_executados',13);
INSERT INTO "sqlite_sequence" VALUES('veiculos',1);
INSERT INTO "sqlite_sequence" VALUES('clientes',3);
INSERT INTO "sqlite_sequence" VALUES('tarefas',2);
CREATE UNIQUE INDEX "unique_schema_migrations" ON "schema_migrations" ("version");
CREATE UNIQUE INDEX "index_users_on_email" ON "users" ("email");
CREATE INDEX "index_users_on_remember_token" ON "users" ("remember_token");
CREATE INDEX "index_agendamentos_on_medico_id" ON "agendamentos" ("medico_id");
CREATE INDEX "index_agendamentos_on_hora" ON "agendamentos" ("hora");
CREATE INDEX "index_agendamentos_on_data" ON "agendamentos" ("data");
CREATE UNIQUE INDEX "index_admin_users_on_email" ON "admin_users" ("email");
CREATE UNIQUE INDEX "index_admin_users_on_reset_password_token" ON "admin_users" ("reset_password_token");
CREATE INDEX "index_active_admin_comments_on_namespace" ON "active_admin_comments" ("namespace");
CREATE INDEX "index_active_admin_comments_on_author_type_and_author_id" ON "active_admin_comments" ("author_type", "author_id");
CREATE INDEX "index_active_admin_comments_on_resource_type_and_resource_id" ON "active_admin_comments" ("resource_type", "resource_id");
CREATE INDEX "index_servico_tipo_servicos_on_servico_id" ON "servico_tipo_servicos" ("servico_id");
CREATE INDEX "index_servico_tipo_servicos_on_tipo_servico_id" ON "servico_tipo_servicos" ("tipo_servico_id");
COMMIT;
